Hash,Type,Family
f16b1d3e010fdb1040f29638b85fd027,unknown,
788a85781a1969d5cdea81109971f75e,Win32 EXE,
ce150468126eae5d99359dde3197b6ea,Win32 DLL,
8dc5fe6404995c3e4494acbdcc77a029,unknown,zapchast
03725567639e8e7a6187f4dbe69de404,Win32 DLL,
a9287e8c536dc00c59be63db46c325cf,unknown,Quasar
4695f5b109e4ac0bdfc413d3a381163d,Win32 DLL,
985a61e8c38333b9e184a2c5c31e623d,Win32 DLL,PoisonIvy
e2ef9da322dca474fff073a0172e1843,Win32 DLL,PlugX
cdc8f1bd5798c4ab3345b55e54ed9b87,Win32 DLL,PlugX
dccfa8bb4365504601b0611ad7498306,Win32 EXE,Quasar
c25584340ac7d85f6d7f9cb91d462bb3,Win32 EXE,PoisonIvy
c608faf266ea4f73506752221ace2bc1,RTF,CVE-2012-0158
3a1c8994ce31173a64e09f2f49ecad4b,RTF,CVE-2012-0158
fa30d91ad8f20683464a5bb4fe9c7cb0,Win32 EXE,Zbot
462600a8803a5910f602e30c255f457a,Win32 EXE,
0501525e5916f82ef53f9b089aaaf8c5,Win32 EXE,
ac389117edb54369895edd5a7355c9a7,Win32 EXE,Zbot
e6fdb5ce45cdb834f2a8b05f54145cd2,Win32 EXE,Zbot
c91243550a7e3e4bb4b28e7f66b5b616,Win32 EXE,Ursu
ec5c80c922238b2dd41087af29e763b3,Win32 EXE,Darkmoon
ff3926f45438ac5b02c7baddf4ae3fa3,Win32 EXE,
0de8aa727cbcdb568d0e728c7883799d,Win32 EXE,Zbot
89fbc6d0e62f02bd5dab2e6fb156c109,Win32 EXE,
f9755972a0cfb4fa485367efcad37b2c,Win32 EXE,
b79df895801dba12d58166dcb0959659,Win32 EXE,Zbot
705092235579981ceaf6ba950183fffb,Win32 EXE,
5e0c387979f2d7da41c92f00d8d4f91b,Win32 EXE,Zbot
51b859a0dfb9d01fd95e115965be8b8e,Win32 EXE,
3d55620375a806ee6c7c140a2eb5a13c,Win32 EXE,Zbot
2bd698ae474b18cf4748edd99bd6c9e7,Win32 EXE,PlugX
ead92f5a6465b2857f9c8c6e643dc054,Win32 EXE,
d20089cbff3722949d82995445192db3,Win32 EXE,Zbot
6de59adcc82d8ca806f4d35f765f4cc7,Win32 EXE,
a2a5676cd636872b2a727f198b9d0ab6,Win32 EXE,Ursu
d82a0cff8d7e2e45f1dc1e6c53a1b4e0,Win32 EXE,Ursu
c01764c6916194daf9f5759efffc9553,Win32 EXE,Ursu
c33a0f1f3c5bc82f18e01867417c2bad,RTF,CVE-2010-3333
d71286dc8c6952ea77f64b2c0b3bf88e,Win32 EXE,Zbot
20d478968927c257f31a3f5e518b8550,Win32 EXE,Zbot
e8e59b44613b5af58688809f8cb6dfa8,Win32 DLL,
e4c0adce9258da655bef089ab0b697b0,Win32 DLL,injector
a4406463f3227b3dca7ec05199cbec09,Win32 EXE,Farfli
eba131876aff62486d52fb59bfb2832c,Win32 DLL,PlugX
d02d5dff78fe77226227be697ad9bb3a,Win32 EXE,
2d804cc42e8f07a1002fa960e13eaf17,Win32 DLL,PlugX
c1d2951195daa939bceb7bc09a6e056b,Win32 EXE,Farfli
f03c35f2d6422c2c5400dedd3e47ef7b,Win32 DLL,PlugX
d8063dcd653d2be54314918dbdddc7db,Win32 EXE,Zbot
1895e2c1c343d3453e99154ade07a1c4,Win32 EXE,
ad7a62e30ee151572ae1cde88c9a23ea,Win32 DLL,redleaves
daa31917c34c2e44a77e3a573c15f846,Win32 DLL,PlugX
e2338334d2aab08953b3e7147bff01e1,Win32 DLL,PlugX
ce041bd9af06efce8ebafa61c3faf0bc,DOC,w2km
053b834417955ba743112326799b970f,Win32 EXE,Injecto
89787523f62585ae8a29cebc1a459d79,Win32 DLL,PlugX
79ac1e1131771dda3c2cb9ae9bf54624,Win32 EXE,Zbot
3828474d4095cca603e869c2c01c2f38,Win32 DLL,PlugX
d7a2f7d2b6cd7f3dde2da091894f14ec,Win32 DLL,PlugX
de72a7167ca641cd82f883b439074727,Win32 DLL,PlugX
e2f50121d305fb968113c51ffe5832eb,Win32 EXE,Zbot
d7b3c1644e693591eca05fca6cc1c77b,Win32 DLL,PlugX
bffcee94094937cab53758a0009131e1,Win32 DLL,PlugX
3596317d646ff34aa3bc730855d1378b,Win32 DLL,PlugX
d6f5571452ec348ea295f428c179b0a9,Win32 DLL,PlugX
bf99b08502461a28538014a619184d47,Win32 DLL,PlugX
f188936d2c8423cf064d6b8160769f21,FPX,w2km
03c3d7ba25552586e52f1977e30995ea,Win32 DLL,PlugX
6a0dadad98be27bd824fd25568788f83,RTF,
53c9f14e5529a509054d3882b253542d,Win64 DLL,
8989e04b976715d667c5cb0e82233f17,Win32 EXE,
bbd3c23b9f3451b2c96df24441c76359,Win32 EXE,
af55f8b376827de3c935801f4e8ac4e6,Win32 DLL,vigorf
ac2daed3a3097eb31767d520e96b8c55,Win32 DLL,PlugX
ac19c4c51d4767cc6edf9e7fecf3ea99,Win32 EXE,strictor
d4d259156177bb9559c310b0449980fc,Win32 DLL,
b503d1f8a45fea70e22d5e508b8b6cf7,Win32 EXE,PlugX
96d975b29aa2ffac2d0348f3b028835d,Win32 EXE,PlugX
07df742d75b84c952846f71927ee860f,Win32 EXE,PlugX
b3335a6de95b74f330ca4ed50e01358e,Win32 DLL,redleaves
0785a42606c5f92ed2b2ee9164866103,DOC,w2km
56cbbea8535c0e8ae967fcdec17db491,DOC,PlugX
9a0b957f164508830342310c44d56e49,Win32 DLL,CobaltStrike
d108c5cf5aefafc55348dad0748c3d86,DOC,w2km
246cb77ecfd0a8e62b68c76be5a6ce5c,BMP,rozena
4c6055215d16b0300273d859ea3401ab,Win32 DLL,
aaaca4313a6db120b2ac08157d3439be,Win32 DLL,PlugX
0a823c5452d8c0d620e3077cf7d3634c,Win32 DLL,PlugX
0374981cdb61a298577ac1a7521a745a,Win32 EXE,PlugX
e0fd1909ad164c18264aa120add0e61c,Win32 EXE,Bublik
06887b0e7c808b0459908509c15eaa72,Win32 EXE,PlugX
125323f4686e8c4a3d810090286c817f,Win32 DLL,
82f65647ff02fb0f13880f9158acfbcd,DOCM,valyria
29d28431d6023db3a9ba4873a6112fdb,RTF,CVE-2017-0199
1b84d15b10ab4bedcc60069f9b3a32e9,RTF,CVE-2017-0199
ad5e8065bdd51f8d03207f2f247baaf1,Win32 EXE,PlugX
77c02893cf4a86ad2fd629aea4db772f,RTF,CVE-2017-0199
f1b4479258865550e65849eb743fcd43,Win32 EXE,PlugX
8b152d7b2bc01a46e1581f0f951c50c3,RTF,CVE-2017-0199
172fd4e158069862e2458c12953ac3f5,RTF,CVE-2017-0199
6f040f20dbd220da576846045e7d9856,RTF,CVE-2017-0199
c1cfe74a2837e215c13fef858f1c54f2,RTF,CVE-2017-0199
7ce7e05b4f5dfc182f6714b0da7c2121,RTF,CVE-2017-0199
97f67159f8c969cd4d4079dd31745b43,Win32 DLL,
d7a7931e7dcfbd781af228ae823123d7,RTF,CVE-2017-0199
fc23e18024e5109e52ac096dda19583a,RTF,CVE-2017-0199
f82fbfb10958eb37e0d570c66c180c1b,DOCM,o97m
e0b9a79d594e5a05a83e450e7a27637b,DOTM,w2km
9f21b385d7463265869e4945a3da60f0,DOC,w2km
42d61960995459abd04101aa6d5409ab,XLS,
fabde6807a4c9895873569d5207fab19,RTF,CVE-2017-0199
2577353f4358333eb3a7d991c22996e5,RTF,CVE-2017-0199
d3f4197dbec00e6a06b91c63363e28c2,Win32 EXE,PlugX
c9460df90bd8db84428b8c4d3db1e1e1,Win32 DLL,
08a64c9612792eb8daa907135693dbb3,RTF,CVE-2017-0199
d584923830d740242bf1845d492f359c,Win32 EXE,PlugX
ed7e9ee68302d203cc3f86babd9dd77a,Win32 EXE,PlugX
f8e3b101862a54a0f23be99e6c66853d,Win32 EXE,PlugX
55dc0e6583b8dae90cf17705ed9c1b3a,Win32 EXE,PoisonIvy
cfb567a4a9b1b46846dbf0ca08f26c5f,Win32 EXE,PlugX
ca7817ecd12d166132680344d2d97d8d,Win32 DLL,
95b862f508bd2473012065947abc2eb3,DOCM,redleaves
e02d67fb2d5745fc6da91e78b7f7427f,Win32 EXE,PoisonIvy
c426225de44f10452443b559fdb11149,Win32 EXE,PoisonIvy
496623ca9fb25f4815f9f45ede7b6ffd,Win32 DLL,PlugX
f854394d58600a829ce6aac5ee8c1701,Win32 EXE,PlugX
c18ee95178fbf81b861f8391816e4056,Win32 EXE,PlugX
e59e87fe0417a166a0ebd1081f80a087,Win32 EXE,PlugX
ddc8df45efe202623b3c917d766c9317,Win32 DLL,dynamer
d2d086f62f3fcdc5be8eba3879e04b90,Win32 DLL,redleaves
c9e7710e9255e3b17524738501fa8d45,Win32 DLL,
d769e5bdd46309d06c16a3e541754fcc,Win32 EXE,Kryptik
9706c9b6c5133c2a9be5a67da069b97f,DOCM,o97m
b7b97eb5a297e8371b6964a83f4650da,DOCM,
e2627a887898b641db720531258fd133,Win32 DLL,
fefaa0df12195fc3d90d9393ad3a7840,DOCM,redleaves
080f8017607bb14e0b1ad25ec6e400f5,Win32 DLL,redleaves
64971e9be65b6fbfd5e13246340b40a7,Win32 EXE,
ed65bbe9498d3fb1e4d4ac0058590d88,Win32 DLL,redleaves
57228e857180205643a0e1c1b43a5c3f,DOCM,redleaves
265cf3ddc1e43449ae067e0e405ecd2f,Win32 DLL,redleaves
4f1ffebb45b30dd3496caaf1fa9c77e3,Win32 DLL,redleaves
797b450509e9cad63d30cd596ac8b608,DOCM,o97m
aec8c8e449974c28bb8f733a7ed7765e,Win32 EXE,PlugX
9a166586b75af896a26024e1c7a9f126,Win32 DLL,
ecec1fe1212eb120b2256462d59c2d75,Win32 EXE,PlugX
bc700fe6ed930ec9554a106b53e7e199,Win32 EXE,PlugX
a28ac814aed000de92e9a6c719932fc2,Win32 EXE,PlugX
5739c1f17503e21e56667d53ea823401,Win64 DLL,
db3bcfe173fce536f0f1ecd77ba3f36c,Win32 DLL,
2835280caee5e0775e7c92a10c445d27,Win32 DLL,tspy
c965bcc3b2bc3d54bc93121ae46eb0b0,DOCM,Banload
f5322b2f18605674b9a0c1757de5fd94,Win32 EXE,
e938a7e5705b70f468e817c451268c95,Win32 EXE,PlugX
fe7cc4e36871876290f590ebb2775aaf,Win32 EXE,redleaves
b275ca64935ae5cfe7bea5fa7f53bdd2,Win32 EXE,Gandcrab
5fb22c50946b7e93acf94729d2ab3e6b,Win32 EXE,PlugX
89d00773f7e1bd4f4566ab77e57d6c7a,Win32 DLL,
08010469af3119c2f06a0c90fd9453af,7ZIP,Nemucod
24d84111a42bca3adeddf5c7b18c7bef,Win32 DLL,PlugX
f5cfd209a38494014a02921d73a9f734,Win32 DLL,PlugX
c9aba961b91d719e5379fe72e9ad83e6,Win32 DLL,PlugX
a4f8b26b215f5ba0cf0672915db9cd41,Win32 DLL,PlugX
e36e9f2dd88cdd1c493dd3cb4c93b7b4,Win32 EXE,PlugX
7b0212a41d875e8d27e5ebd12d727ca8,Win32 EXE,PoisonIvy
b8874451d524c64e1f33b3896fb262d5,Win32 EXE,
51766569cc56f026d8ac9a2b0bf689aa,Win32 EXE,
af80a288b0b46d91cf0f07283e877bc1,Win32 DLL,PlugX
0d4b1ae09e85224e0b7a2f569da440d0,Win32 EXE,PoisonIvy
f4ed8d7ec5563bac51589a68dbffd1cd,Win32 EXE,PoisonIvy
704e4fd0c08a4d131a34061d6ae6d251,Win32 DLL,PlugX
2d9ac00470a104b9841d851ddf33cad7,Win32 EXE,PlugX
afa7a427f0a924365723b8b4936eeef9,Win32 DLL,PlugX
8dc8ab908b328ede18db57b04329ceb6,Win32 EXE,PlugX
ca0999d1058a9daf8a8680409e5b1eff,Win32 DLL,PlugX
1e1086be14262909a7ef557619f682b8,Win32 DLL,PlugX
627b903657b28f3a2e388393103722c8,Win32 EXE,PlugX
daf4188dfa7905f92516a3511e50d934,Win32 DLL,Injecto
686bb59ea637fb3af214c8c21761cda8,Win32 EXE,Zbot
4f0439bd68ca55a4146f074dda95855c,Win32 DLL,PlugX
838a8501205b162745237144bde53ada,Win32 EXE,Ursu
4749698132a24f5a1d2fa89eb11533dc,Win32 EXE,PlugX
fbefe041288d8a783065feca42eebdcb,Win32 EXE,PoisonIvy
d69956c4e19ba78724f04a8272f75d48,Win32 EXE,Ursu
3047a0ab2e2275c7c8b7cf6e7ade0a17,Android,androidos
6546e8b1d2a894023fc67acc65e8a33a,Win32 EXE,Kryptik
30e7fec774ef39c10033a3e68e7bb5ca,Win32 EXE,PoisonIvy
6d7b8f5b459a9a0d4fcf05ec82e8e5f8,Win32 DLL,
aab94d9416ed05378e0bf638fb4fb11c,Android,androidos
c4ca303e9d48e3e2d1874cec7885e2b5,Win32 EXE,PoisonIvy
a9eb2dc8e79dfdcfd1a3c911fa4be8fe,Win32 EXE,
1d3ebced0619f8e399a91735a05cf617,Win32 EXE,
d537ce1bb88d7bd0d9d30f0554b91f51,Win32 DLL,PlugX
80fa12d221adba53b8e7f9514960f945,Win32 DLL,PlugX
606a47ceebabb770eaccb1045493b798,Win32 EXE,PoisonIvy
20708ac3aa46a96b5ce446ebeb301cbb,Win32 EXE,Zlob
3f72617e150e3dbb3372b84995e7b24c,Win32 DLL,
dceead031ea169cbc9f1c7f53c1f3063,Win32 DLL,PlugX
f41f0f773aba63c94a49652e8bfd92c0,Win32 EXE,PoisonIvy
9da42d0bce9f5dbf22d33df77c561bda,Win32 EXE,PlugX
4e6bf299554a356e91e9d230014075fc,Win32 EXE,blocker
e1fbf8d74b622fde3cf765a3a51ca39f,Win32 EXE,
b603367e9921ac04f31c266f82eccc9b,Win32 EXE,Zbot
f9383ba6e87230df915f6a60a035ce4c,Win32 EXE,PoisonIvy
bcf3c53af6e43c4c14561e7013622985,Win32 EXE,
b0faa0fde2908aa15a6982f0dfdc7de4,Win32 EXE,Ursu
27c9d9cb94e14872d320e37b7d1e9d68,Win32 EXE,PoisonIvy
ec442e8f04520f55a3bc0dc3060fa5d4,Win32 EXE,ursu
d3569976114c20124dda97e536e536a7,Win32 EXE,Ursu
06b0af6ff00647f57119d8a261829f73,unknown,PlugX
0eb185c125fe71fcb55dc44218c793cf,Win32 DLL,
ae04efe8a64e145bdbc5589215f4b121,Win32 EXE,PoisonIvy
b464d275116c0b4485177109c65e7f27,Win32 EXE,PoisonIvy
c76ead62b38a9e9efca82b592d414637,Win32 DLL,
50607e692e7f9c47cc25a1719cdd5a75,Win32 DLL,
d1adc4f3a766b1bc55e3508c380c6d3d,Win32 DLL,PlugX
f41023d4b0fe091eaeb778c621ac38d7,Win32 DLL,PlugX
81df89d6fa0b26cadd4e50ef5350f341,Win32 DLL,PlugX
433f5dc5546d98cc9e4597b342df31cf,Win32 DLL,PlugX
b3139b26a2dabb9b6e728884d8fa8b33,Win32 EXE,PlugX
db212129be94fe77362751c557d0e893,Win32 EXE,
c0c8dcc9dad39da8278bf8956e30a3fc,Win32 EXE,Zbot
3cbb5664d70bbe62f19ee28f26f21d7e,Win32 EXE,
c2a07ca21ecad714821df647ada8ecaa,Win32 EXE,Ursu
03db7fd9e5237222b867eee1493423ef,Win32 EXE,PlugX
84e767032054e0c2fef5764fb60679f4,Win32 EXE,Zbot
8479c4396b3102a5de1ff3d018810ce0,Win32 EXE,PoisonIvy
dd0494eb1ab29e577354fca895bec92a,unknown,PlugX
37deaa6c602c558ec94e4becca6a4d26,Win32 DLL,
3106dd1dc98bfb8ce72c613448baec29,Win32 DLL,
779dbb88e037a6ecc8ab352961dbb028,Win32 EXE,
056725205f97051a381ebe7894ba0671,Win32 DLL,
1f8093417f3aaa8460d34742f51ecb81,Win32 DLL,PlugX
3afa9243b3aeb534e02426569d85e517,Win32 EXE,blocker
7891f00dcab0e4a2f928422062e94213,Win32 EXE,Zbot
0898927cc8ac129af79d48a938edea17,Win32 DLL,
e7ba79a6dce057d6be798465831c75db,Win32 DLL,
0f6b00b0c5a26a5aa8942ae356329945,Win32 EXE,PlugX
8a93859e5f7079d6746832a3a22ff65c,Win32 EXE,Ursu
ac0ff4bad83350b7dde27af8728a469f,Win32 EXE,PlugX
b0649c1f7fb15796805ca983fd8f95a3,Win32 EXE,
457812c13d4d8ad5fd844ae572b4322b,Win32 DLL,
c1cb28327d3364768d1c1e4ce0d9bc07,Win32 EXE,
c3a9fe8ebb1428d8f3bec167fc9bb26a,Win32 DLL,PlugX
23d03ee4bf57de7087055b230dae7c5b,Win32 EXE,Zbot
0c0a39e1cab4fc9896bdf5ef3c96a716,Win32 EXE,Zbot
07abd6583295061eac2435ae470eff78,Win32 EXE,
15faecbbc412a7c3bd1049d77bc7618b,Win32 EXE,
37c89f291dbe880b1f3ac036e6b9c558,Win32 EXE,
684888079aaf7ed25e725b55a3695062,Win32 EXE,Zbot
1d0105cf8e076b33ed499f1dfef9a46b,Win32 EXE,Zbot
6b27330b779541ae8f3de7a491a19d8f,Win32 DLL,PlugX
472b1710794d5c420b9d921c484ca9e8,Win32 EXE,Zbot
ca9644ef0f7ed355a842f6e2d4511546,Win32 EXE,Zbot
19610f0d343657f6842d2045e8818f09,Win32 EXE,Zbot
cd8592fbe52ad8b5097fbf0f1c693597,Win32 EXE,PoisonIvy
f5744d72c6919f994ff452b0e758ffee,Win32 EXE,
f586edd88023f49bc4f9d84f9fb6bd7d,Win32 EXE,Zbot
1b891bc2e5038615efafabe48920f200,Win32 EXE,Zbot
dbb867c2250b5be4e67d1977fcf721fb,Win32 EXE,
4840ee7971322e1a6da801643432b25f,Win32 EXE,
8ece7de82e1bdd4659a122c06ea9533e,Win32 DLL,PlugX
888d29b8c184c27ae9f442155aa388b4,Win32 EXE,PoisonIvy
d1bab4a30f2889ad392d17573302f097,Win32 EXE,Ursu
1bc481cb01b205095c86174a171676d8,Win32 DLL,PlugX
f03f70d331c6564aec8931f481949188,Win32 EXE,PlugX
69f8ac18b047aa0c70eaf982fa1e483c,Win32 EXE,
6102865232ba06772baa09cd2655877c,Win32 EXE,
75500bb4143a052795ec7d2e61ac3261,Win32 EXE,Kryptik
6ec0f91b5b74bc06ebb561cdeb0f4796,Win32 EXE,
e61c043005c16028dd55c04b14041f5e,Win32 DLL,
ac725400d9a5fe832dd40a1afb2951f8,Win32 EXE,Ursu
de397c7942bdab13c7400db7b69f5a75,Win32 EXE,Bifrose
4ef871e814cc84a99f44ad832fa86c53,DOC,CVE-2012-0158
ad879f64e9137836283592720d95aadb,Win32 EXE,
42c6e38375e46075eb1abd7a41ae15c5,Win32 EXE,Farfli
b5ca395ff9580051eedeadcecd93eda9,Win32 EXE,Athena
6807be8466955bafffa568b6da0e785c,Win64 EXE,
25a11276aa992478f4c21c64ee409b35,Win32 DLL,PlugX
9a8c76271210324d97a232974ca0a6a3,Win32 DLL,PlugX
ac67533d198b038205416d69b4f18ef6,Win32 EXE,Ursu
edfa6607207ddbca961ae7b78405f761,Win32 EXE,
601a5ea77162c2000e1a8b36ab5208ec,Win32 EXE,PoisonIvy
595205651920d06353e9ef9ef8b6e316,Win32 EXE,PoisonIvy
7480a13d49140851dc6a968813244770,Win32 EXE,dynamer
13f66fba903fca84c8a54bd43cbcf328,Win32 EXE,PoisonIvy
31bb73b701931e88e76c1d9b57647b8e,Win32 EXE,PoisonIvy
69fc032cf4686b49658494bc44e6a1d3,Win32 EXE,Farfli
7fe3e44991c645642119fcc683bd62df,Win32 EXE,Kryptik
841dfe3eaafe68cc0b989fbf55a34c9c,Win32 EXE,injector
ac25770da1c65d1761753f1f8be401ef,Win32 EXE,Bifrose
fb498e6a994d6d53b80c53a05fc2da36,Win32 EXE,Symmi
0c51243e990039499f04cf8a3d5579c5,Win32 EXE,PoisonIvy
746b7cd0cb0b1b744fb231b50ed9341c,Win32 DLL,Bifrose
eae5b8c02ca6120a181fe473980ebcf5,Win32 EXE,PoisonIvy
70014039e3b853aecf67cf9448b5b34b,Win32 EXE,Symmi
e85005524e8e6a8612c9d0899bb952d6,Win32 EXE,PoisonIvy
82909aa08a099a0c256b3232ad0c4f4a,Win32 EXE,
04316acaa8b5eabae78dce64e4e3fd89,Win32 EXE,PoisonIvy
429f5048462fd037e3ad7f8a211004c6,Win32 EXE,PlugX
257b3ed1145c25e3e67f83f61a637034,Win32 EXE,PlugX
7af04a468de09c519681dcb0bd77030b,Win32 EXE,PlugX
583ab1678588b754899b9d2c58f20aa2,Win32 EXE,Pigeon
e106794ea5918a44031c274de463e90a,Win32 EXE,PoisonIvy
d69598758998cf5f677be9312b807938,Win32 EXE,Pigeon
989938a13df93145e8dc38292d063fd7,Win32 EXE,Athena
186b340bac918afe4296f5cd4e768751,Win32 EXE,Bifrose
13cdd0d9f222a47589c5c71fa3ac2cbe,Win32 EXE,PlugX
62898b77bd9e8e286d6bc760f3e28981,Win32 EXE,PlugX
0ad3ed5588eec7ba4988c8892a5c2946,Win32 EXE,PlugX
837acd5227e0ce8d8358fc6beb9966a8,Win32 EXE,PoisonIvy
99d33c40d22a14f90dd6cdb1d639163b,Win32 EXE,PlugX
bd96aeeef68c25f2855005849fd72835,Win32 EXE,PoisonIvy
814aad2582dbdac822f0dd4e419b10e0,Win32 EXE,PoisonIvy
354b40f155beefcac3a41c2ffabbf6c8,Win32 EXE,PoisonIvy
0f2b79c0e51dd3afeade498a91358de7,RTF,CVE-2012-0158
184dd07bc91cc915aebf157a8b28066d,Win32 DLL,PlugX
e696b38ac71b23f50ee68da06a004af3,Win32 EXE,PlugX
53c8096033db54e5ec3d5eb9ac080fc4,Win32 EXE,Kryptik
9962800c103eee89d140de26c3ee20e6,Win32 EXE,PlugX
96549367cc6be01ad1a28d3aacb059fe,Win32 EXE,PoisonIvy
b6eb25c44d9338295b702eec258b650c,Win32 EXE,PoisonIvy
fa89eeaac3c9de18aee8c58b6580dfea,Win32 EXE,
a32468828c12657497cddf57190f5700,Win32 EXE,PlugX
5b425dcf90df36706bcdd21438d6d32a,Win32 EXE,PlugX
bd092cc922a8f83880b896a0911774a6,Win32 EXE,Farfli
ef9d8cd06de03bd5f07b01c1cce9761f,Win32 EXE,PlugX
02d90a176d198c955c43fc229dfbe9ff,Win32 EXE,Farfli
d4398f6f7ba070b6cdee7204f6862bd9,Win32 EXE,Symmi
5e65b83ce83e18952a85a13d37e32dbd,Win32 EXE,Zbot
b65172b3b14efb657566a607eb15a1a3,RTF,CVE-2012-0158
5da529e1d79b63812256b25281100ff3,Win32 EXE,Farfli
5e329ae70add23644e855cb54ae6c617,Win32 EXE,dynamer
098bfd5c1e7a5cf9f914c09abacb58f9,Win32 EXE,PoisonIvy
08a268a4c473f9920b254a6b6fc62548,Win32 EXE,PoisonIvy
2685d8eb6009fd7f03956928f08071de,Win32 EXE,PoisonIvy
c870ce1cbc120f74059e5f1bb1f76040,Win32 EXE,Symmi
ddf317c659b2a0e5a2198c7b20c3c8dc,Win32 EXE,PoisonIvy
e0ab70ff814592a18864eb05a516a711,Win32 EXE,Pigeon
73a99ef7698bb0d994c451bef97f2162,Win32 EXE,PlugX
faacabea42afbc6cd5ce684e1bbfb073,Win32 EXE,Symmi
babd8cd2f24c809fedec1a5642b5fe46,Win32 EXE,PlugX
ca507b0dd178471e9cadf4ca313a67e3,Win32 EXE,PoisonIvy
7720cfdf0ddacb3196167547572654cc,Win32 EXE,viking
73ff6ebbfccc6e0ffe157dfed9754a2c,Win32 EXE,Farfli
850a7e877d8e68188714ff5344f6fc15,Win32 DLL,PlugX
5ded5f305b6228cc6705017e71835ab8,Win32 EXE,Bifrose
fdaf53c9c663d1b5d636ae6f7b032fc5,Win32 EXE,injector
2004a788d934fb889940377a1fc5387d,Win32 EXE,injector
5090bd78e607e4b1c48bdce22f036cf1,Win32 EXE,Farfli
667989ffa5e77943f3384e78adf93510,Win32 EXE,Pigeon
f86c912661dbda535cbab464e79e26be,Win32 EXE,Pigeon
9ee006601c5ee9f6f1992ec38fed63f6,Win32 EXE,Pigeon
17b8e6ac3830ad58afe1a70df4319fae,Win32 EXE,Symmi
b708a9d547d1acf1af998574d206472c,Win32 EXE,PlugX
6c6d287996d094f3c134c535a36f59f1,Win32 EXE,
83448fc10f297a6968aeda7c02b09051,Win32 EXE,Farfli
43b41c9c0e343912baee452e1fe7fb31,Win32 EXE,PlugX
f48506db289620fe9793720b806ec531,Win32 EXE,PoisonIvy
f6264ad9ce8757e5d40a4050ae1f6f9c,Win32 EXE,PoisonIvy
47947da1273110e1c2f1d8bfd06ff0ca,Win32 DLL,PoisonIvy
496259d28c02f08b2e7fac94b4225e9c,Win32 EXE,PoisonIvy
923c0e5dec753e3b7eb6d8f441a7206f,Win32 EXE,PlugX
1e3a57cff7cba8732364c26f4bbdcbe2,Win32 EXE,
f86ec5775adbe804fa43e55220fec30d,Win32 EXE,PlugX
7cc3d3e073f47c6ded1bc62ee93f8d74,Win32 EXE,Zbot
5a78974df88ab6a67bb72a5c7a437fb2,Win32 DLL,PlugX
93a4328e1e347447044146b53972cd37,Win32 EXE,PoisonIvy
c96cca13bc72f55dad3fb5358b678a38,Win32 EXE,PlugX
d2533cca67fc97ced5df670a589b02fa,Win32 EXE,PoisonIvy
19417f7551bc54db6783823325557773,Win32 EXE,PlugX
d316848ce47c098ccfe72aa7311aaffa,Win32 EXE,PlugX
0dc209a146d163f70a8f7d2a6cfd33e1,Win32 EXE,PoisonIvy
f6dacc6f3516b62f77d5030912bc2d68,Win32 EXE,Farfli
2a92aff566d6b1253e5c63336c32df73,Win32 EXE,PoisonIvy
d772ea8d2f76b0290bf72fb59f9f5871,Win32 EXE,Zbot
f1ff92b52a8a1bfb2c1dbf136e8f561f,Win32 EXE,Farfli
081120c8331be9356675daeffb4d9eff,Win32 EXE,Symmi
a39cd221ccb0c0a3746e429cfdf4c57d,Win32 EXE,Athena
069d85a86c3199e6e543608fc7ea0bbb,XLS,CVE-2012-0158
fd28643af68edfc4a8e0e30b946f790b,XLS,CVE-2012-0158
f68008057ff5dbc67c938b3f5f68a54d,Win32 EXE,PlugX
671f86e2cbab6c8ebcbeecf8da8c0a42,Win32 EXE,
cddfa154bbe89d4627210eba087c3504,Win32 EXE,PlugX
e975d5b29d988929e5ad3a8fa19083d1,Win32 EXE,Zbot
251a5361efa82fb66e0832cc2de63b93,Win32 EXE,Zbot
d3ae29e3719d5fd68d31bf3c4d9eac30,Win32 EXE,Zbot
756602e66ca0dbb9089cb65f515de609,Win32 EXE,Zbot
f7edd3bebe674753e5a3b44862eb3d7f,RTF,CVE-2012-0158
79b26bd500d6ba4bb2c592021dc553fa,Win32 EXE,Farfli
e4092efdc90f3b649a280c7b0e18742a,Win32 EXE,Farfli
77d433a1a355438be5f2ecff8f7a3351,Win32 EXE,Farfli
c1e5c46e4ef284f2922bb458c9ba3ce2,Win32 EXE,PoisonIvy
9788c12cb574e9a9db4cae37c3adc56c,XLS,CVE-2012-0158
50cf429659a198e4628421acfb3856bc,XLS,CVE-2012-0158
b51e95cef7be4dcb77eb5ce9679e08e0,Win32 EXE,PoisonIvy
05ac9875df6a4e1b7b7a21099d27caaf,Win32 EXE,PoisonIvy
d1bc592066da64d1f3cba693c2c90baf,Win32 EXE,
f6caa0160a6f0e5264fd16fa5ae95696,Win32 EXE,PlugX
71ce266abcf5686a369496b04135dbe6,Win32 EXE,
4f505ca0ea4540e6662def1c1ddadd03,Win32 EXE,PoisonIvy
74bee63ad03496cad3abe67093545879,Win32 EXE,Symmi
4b91d43aa66baca505c57af5732a0167,Win32 EXE,PlugX
9b32af793ebc7a2f4c5701a4671a7e65,Win32 EXE,PoisonIvy
291976ba47cec4b3c0e31cbc50ab1923,Win32 EXE,PlugX
0de2dc76a10d583f2d8c5c1e780a7f39,Win32 EXE,PlugX
8312e9bd38f9116214d32c5a829e9529,Win32 EXE,PoisonIvy
95da3987c6ebd2646e90b7c2a42c19a7,Win32 EXE,PoisonIvy
26c7326f4449c1337fc42e43ca0790dd,Win32 EXE,PoisonIvy
2bc9bfcc2127b50b703aeb4ac35556c5,Win32 EXE,PlugX
4066e0e6066eabcbce768b25f2566358,Win32 EXE,PoisonIvy
54f901a4198eba86ba819230de6a7e66,Win32 EXE,PoisonIvy
0b3ae22200bceedc02cf46938a376fa4,Win32 EXE,PlugX
e6c596cfa163fe9b8883c7618d594018,Win32 EXE,PoisonIvy
1a2df6e66abe162e0b7ff0d356392d93,Win32 EXE,injector
4223b0983b4c79a236e03bb5ad95a0f3,Win32 DLL,
77c842c3368a1c3368541e78de7a090a,unknown,CVE-2012-0158
dfd1c73b603015dee7057df3c27baf92,XLS,CVE-2012-0158
a07fea56b45d0d1ebb6df4589e750464,Win32 EXE,PoisonIvy
b0f541cd6bff77de916e58d493f54b10,Win32 EXE,Symmi
f6a79b54c6351c32fe35cda9a78b607f,Win32 EXE,PoisonIvy
8aa2f821f252bb441a2fd0bc833b44b8,Win32 DLL,PlugX
234257c192caa419d14096f104b03e06,Win32 EXE,PoisonIvy
d67e2f5e6a0b046ae3bf5c61f1f384ec,Win32 EXE,PoisonIvy
9af4c1e5bb81bf2df607653fcc25915a,Win32 EXE,PoisonIvy
a1dba0f1ae6975beb7d7699587603ebb,Win32 EXE,Bublik
32d85825a7f627cdf8070a379b6b464f,Win32 EXE,PlugX
f0be554b1d9b394bc2a90322ca944fce,Win32 EXE,PlugX
ce33b6d1350d7cd5835fb0dfa7ba41c8,RTF,CVE-2010-3333
156ce6a9d3eaac1584b8df714a35c530,FPX,CVE-2012-0158
3160654955f818072f6f8a8782e0f16f,Win32 EXE,PoisonIvy
9df016883d872fd61fcc2d00856592d5,Win32 DLL,Zbot
1c3fe3ec1148fa72c18e2fcc3cdb354f,Win32 EXE,Farfli
a09639c952810e668ad651ac181cd519,Win32 EXE,PoisonIvy
05c974fa1e5c11e472706f98c9923f61,Win32 EXE,PoisonIvy
9df608f5bd1e6d2cac11950cf8a75a80,Win32 EXE,PoisonIvy
88d53425a3c031fa9a61a659f5ba3e35,Win32 EXE,poison
257252b9adbc79a285d2b8b4c5a992fb,unknown,CVE-2012-0158
4f1b081b84d24fc6c14fd01b3613d55b,Win32 EXE,
20d5e35295ee38ff96ce20f9db4f690d,XLS,CVE-2012-0158
b474d6b9658bd45cdf781699ddc5849f,Win32 EXE,Farfli
05138bd38f7c63313cb72b4ed5c241fa,Win32 EXE,PoisonIvy
6f3d15cf788e28ca504a6370c4ff6a1e,Win32 EXE,PoisonIvy
dfada103940d7e774e94a734c4f1f174,Win32 EXE,PoisonIvy
fe819d714dfe32039dd8f420cba7e055,unknown,CVE-2012-0158
10c13a817bf7622b2359d1816be4c122,Win32 EXE,PoisonIvy
4ca079c6325c5ad8e0155f49cab6b3f5,unknown,CVE-2012-0158
78c309be8437e7c1d2dd3f12d7c034c8,Rich Text Format,CVE-2012-0158
c710fbc83f15f4356829eb6910cb12cb,Win32 EXE,PoisonIvy
709afc34788ccc6939763a1d24e5cd61,Win32 DLL,PoisonIvy
a427da887fddfd0cb9af168a221ab089,DOC,
93fff47b3e13f3264349838c105358ca,Win32 EXE,PoisonIvy
cc754b889804a47b1a138fccb37527bb,RTF,CVE-2010-3333
360784acedbd41801a61affe63a0c481,unknown,CVE-2012-0158
3ab3cbe9b138eadebd92d26bf972be44,RTF,CVE-2012-0158
f0b821697949c713d9b17550a533ecfe,unknown,CVE-2012-0158
c85ddd3d28ccf1969e1795dfb07b9302,Rich Text Format,CVE-2010-3333
c93eef1b06805a23e655c3856e7c7a17,Win32 EXE,Symmi
bdd054de9e710830ac04b6f076fc5f71,Win32 EXE,PoisonIvy
723089dadecc465c8a677c89e397254a,unknown,CVE-2012-0158
bf4668c0a55903a0e4d5ba61d6b338cf,unknown,CVE-2012-0158
85caa269bfa5bdd67759a6221db40c8d,unknown,CVE-2012-0158
a1f9b4dd1f98bbbe472ace2170e95932,unknown,CVE-2012-0158
3d83df756cc1e575755a7a3a8d9d8afc,RTF,CVE-2010-3333
588f58afc2298e6b31e44ebc86aee104,Win32 EXE,PoisonIvy
682a71edb073760ea81241f7d701ed1d,unknown,CVE-2012-0158
72dfa85080bf905ea8e1c87a8adceac0,RTF,CVE-2012-0158
52f6a991feb2785451d66b49f287e588,Win32 EXE,PoisonIvy
8a2205deb22c6ad61f007d52dc220351,Win32 EXE,PoisonIvy
59a3ff3496740ceea97ff70a980bc3ae,Win32 EXE,PoisonIvy
79e5a1d9adad4d64c8f5be2eb8345605,Win32 EXE,
9ed1164f4f6a337cde2ba6e7c72730cf,Win32 EXE,PoisonIvy
37a5d27d49385f4e8edb94ad83b38164,Win32 EXE,PoisonIvy
fdc675dcecd20c63f86852abe74144a6,Win32 EXE,Bifrose
24c2661aece1c089aa57c6efa7380e9d,Win32 EXE,Injecto
5f3b25e36f6c6637eb08dcca1c3a8ed6,Win32 EXE,PoisonIvy
560544060a4f8a6c7c68a5544f86881a,Win32 EXE,PoisonIvy
48e221b8725f11baa6de8b07d85b22ec,RTF,CVE-2012-0158
eb3c1d642eba4d2c810095242fc2ff14,RTF,CVE-2012-0158
95290a7748a14bf4cc1d6ef2ee954f74,Win32 EXE,PoisonIvy
4d4ecaa074e5bab3ecc0c68de10687e5,Win32 EXE,PoisonIvy
cd6a0b076678165e04f8583d19a9a46f,Win32 EXE,PoisonIvy
298f6b668801d98dea6fb0353eccf851,Win32 EXE,PoisonIvy
b4bea824c539785dedb83c8599c90255,Win32 EXE,PoisonIvy
0f832091040f2b7f109b9eec8629d3ff,RTF,CVE-2012-0158
d7dc970923cc80be272aaf6bd1a59fe7,Win32 EXE,Darkmoon
0b8db0a9873524190c762812fd2db7c9,RTF,CVE-2012-0158
578b17334312f81934adfed048ffdafd,Win32 EXE,PoisonIvy
a75bea992cef46c1a4ee5146150540aa,Win32 EXE,PoisonIvy
a1d0f8895052b60c4d2860556494f233,Win32 EXE,PoisonIvy
b1dc1fef5bfd49522a41fbfe808fd46f,Win32 EXE,PoisonIvy
4da96c93373d2d6c7edacc7c2f9c9eb8,Win32 EXE,PlugX
75569018fc3dcdf9458545ef5d83626b,Win32 EXE,PoisonIvy
b1c35a4e6d892bbd60ee24cbeba35a2e,RTF,CVE-2012-0158
2d1e048030c27e2d57f0448df78142f6,Win32 EXE,Darkmoon
7ed71cf0b98e60cc5d4296220f47c5a2,Win32 EXE,Zbot
509640d63bda7f6c5a1220804d5baf7a,Win32 EXE,
3def4b5e9304bea498404c17cab04d75,unknown,CVE-2012-0158
55a1bcd4c959d8a71af7d225a3913a4b,Win32 EXE,Zbot
e81f40c9ff57b76ef55dfac50b644fd0,Win32 EXE,PoisonIvy
1ecbff1a46a8ec9a0c3ee45a390950a0,DOC,CVE-2012-0158
d1d41238e5774d703ad0db3ede9e633c,unknown,CVE-2012-0158
abbecc6f9ea7d3a7e43ebad73d0094fa,FPX,cve-2009-3129
76b744382cdc455f8b20542de34493d2,Win32 EXE,PoisonIvy
b2dfe6d3be38cef08e9a3141ca3599c0,Win32 EXE,PoisonIvy
46d15a8364a00df0dd4ad9c1d900df3a,RTF,CVE-2012-0158
f989ac92a714b1b7c57a0fe51e0b5f43,DOC,
97da7ae4582723aa6c132f5bbd3f9223,RTF,
4d449395552584ef28c7dea47e54cb30,Win32 EXE,PoisonIvy
0b87f38f9151ef81e07c2cdd8a602335,Win32 EXE,PoisonIvy
faf9576ce2af23aac67d3087eb85a92b,Win32 EXE,PoisonIvy
66e311f3af7fbf98b0af1241e26e07e4,Win32 EXE,Darkmoon
7d4388ac79b31b9fb0e02256fc356b88,RTF,CVE-2012-0158
6285cba13fc5c2538e31c7f2529c7069,Win32 EXE,PoisonIvy
726788726dfb19231c6fc9c83ee2f392,Win32 EXE,Darkmoon
207bbce9593ef8b8d0d3ecd6d42aad31,RTF,CVE-2012-0158
7bee1d0709169e07db6182e65dc50b60,Win32 EXE,Darkmoon
22d799e3fe58e5d10341080d370b683e,Win32 EXE,PoisonIvy
c7f6e98e4539bd127573cd5934256c91,Win32 EXE,Darkmoon
223d1396f2b5b7719702c980cbd1d6c0,Win32 EXE,PoisonIvy
5c5401fd7d32f481570511c73083e9a1,Win32 EXE,Darkmoon
8dd0e0eae830650e5a10a91649c31bc9,Win32 EXE,etchfro
d4dc09440947193687e396f19fb13235,RTF,CVE-2012-0158
7f300cbbfbff7e906559c74367bd274e,Win32 EXE,Bifrose
83d7259c0edeb5f00e412c8be21dbeb0,Win32 EXE,Kryptik
22b0ac28f22dec098f3d743be4a8164f,Win32 EXE,Kryptik
80706b128a99b78a5d02ae7c404ef81b,Win32 EXE,PlugX
39a59411e7b12236c0b4351168fb47ce,Win32 EXE,PoisonIvy
35947b085e4593ccf38a5eb26ca4d4cf,Win32 EXE,Darkmoon
9b17ce7974a0cdd039ca759f3e31e82a,Win32 EXE,PoisonIvy
1b851bb23578033c79b8b15313b9c382,Win32 EXE,PoisonIvy
2cfdd81233e787045da7244690762c83,Win32 EXE,Darkmoon
fc26ad639598a92546af2daa6f6a7afd,Win32 EXE,PoisonIvy
fe4a2fa15bfde5df747ed9dc7b0a651e,Rich Text Format,CVE-2010-3333
6f932e38a2a67e8f73606dc30e7a2d7a,Win32 EXE,Bublik
79703dc375869ce0595d41de2d2b8686,Win32 EXE,PoisonIvy
8c9e843d62ff89f15c25517eff02497b,Win32 EXE,Darkmoon
3577a5f7111d15e0327a36d468f5af3a,RTF,CVE-2012-0158
ac86c256b30534d5ede4a0df1019507e,Win32 EXE,PoisonIvy
e552828059cb27fe43fc042cbee58237,Win32 EXE,PoisonIvy
55b8690c0aae4e500e645d5f49ce5a13,Win32 EXE,PoisonIvy
91c02aa70d2eeff76da496460903d99c,Win32 EXE,PoisonIvy
b34402586a077b7ed11b44d042c7aabf,Win32 EXE,Kryptik
a5965b750997dbecec61358d41ac93c7,Win32 EXE,
34e9ca736a5dceaf40720e365fec474a,Win32 EXE,Symmi
72f50a28656fa65b6d770af89ed82d69,Win32 EXE,PoisonIvy
e84b87db6ae7c34fc7e6bc2f0bef4ae4,Win32 EXE,PoisonIvy
9bb609caf50d36e24b152ee467ef3a61,Win32 EXE,PoisonIvy
9dfa75bbbe8bda5d9c8e2ff6369c44de,RTF,CVE-2012-0158
6a3b8d24c125f3a3c7cff526e63297f3,Win32 EXE,PoisonIvy
b552c8f3c39976b024763eeaf0612d64,Win32 EXE,PoisonIvy
bd64660692b84e2b6fcb25d02cecbbcb,Win32 EXE,PoisonIvy
60963553335fa5877bd5f9be9d8b23a6,Win32 EXE,kryptik
3e37752ef79c28e1afc718d9bc7530d3,RTF,CVE-2012-0158
b4fd17a2f8e67206928edde19e982747,Win32 DLL,Bifrose
5ed1cb6e270a66d593478ebfefd7213d,Win32 EXE,PoisonIvy
e68ac9e407477b29073ebe4a15e1f520,DOCX,o97m
83ddbc17900e325f6a0f7ebf375c8c1b,Win32 EXE,Zbot
a41fb27ef55bba89f5ee258c0a77a4b7,RTF,CVE-2012-0158
c573081101e32fd5f3a93aece12939fd,Win32 EXE,PoisonIvy
73356498dbe82cbc134119740039c293,Win32 EXE,Upatre
d9f87e744dbc898212a9eaa4594301b0,Win32 EXE,Palevo
6fea7954ab3d31414946d95e72f3152c,Win32 DLL,PoisonIvy
4a2bdbc007a7bbef676330b36b296b3e,Win32 EXE,PlugX
67d5f69a33521baec4065cd0757cedbf,Win32 EXE,PlugX
1b50e838babcd80ab95cff14bdf22a69,Win32 EXE,PoisonIvy
14717d0c2533462fdd14f9a91540d8a7,Win32 EXE,PoisonIvy
4f90488685f0a40f1f00a63119a1c02f,Win32 EXE,PlugX
c67ac21cfeab6866eb55dfc9c4f73670,Win32 EXE,PlugX
0506cf6d4e86c9ad1d4ea985f43582c6,Win32 EXE,PoisonIvy
e1663b6462115ba929b05bb75a61ed5f,Win32 EXE,PlugX
4a076785e9786324bb852dd5bc27f10b,Win32 EXE,PlugX
11a96b51e1c9d29cc122ea7f9a64532c,Win32 EXE,Farfli
a18c7bd9ed367e7f467a2aa4079fb213,Win32 EXE,Zbot
164f033ab3f8687fe86ff4ce39e40cb7,Win32 EXE,PoisonIvy
af65cba802cec0c96636f2638700c555,Win32 EXE,PoisonIvy
3a82fd4c5b6c5650cf0f1479efeea290,XLS,taro
cc0f58d37670be50e6acae547fe106e5,RTF,CVE-2012-0158
d81b91cd4c6f42eb7049109cb42461ed,Win32 EXE,PoisonIvy
f37a047d6966d733da69928867cad299,RTF,CVE-2012-0158
45f5b2404eefe7672534bcd13466987d,Win32 EXE,PoisonIvy
669d68017797e4bac88767a688d34128,Win32 EXE,Bifrose
172ce304ce8946ae7be8d223d4520d80,RTF,CVE-2012-0158
556c4c1597cf540a23697e8866cf8623,Win32 EXE,PoisonIvy
9c2f3bbfbb1cdfe30ef0aad88d461daf,Win32 EXE,
a50c5ba8a92c7b199ac9e20a815d9e69,Win32 EXE,PoisonIvy
492c9ea17e215053db1c214bb369684f,Win32 EXE,PoisonIvy
224bc8cb1f2e265ccca90657232d8b4d,Win32 EXE,PoisonIvy
de8ed8c6c2f9f83b70361e16d016f15a,Win32 EXE,PoisonIvy
19f74787abf33c8dcd26fd28ddec3cd5,Win32 EXE,Bublik
9316ec91697e72774f26d32d27de405d,Rich Text Format,CVE-2010-3333
410eeaa18dbec01a27c5b41753b3c7ed,Win32 EXE,Zbot
08f10881e2c57eb6f7368b7c06735826,Win32 EXE,PoisonIvy
e6467f7e1a3d3f3f94dbbbfb799c3e4a,Win32 EXE,PoisonIvy
a1942d1cc7552387393b91a14c9a3d73,Win32 EXE,PoisonIvy
cf8094c07c15aa394dddd4eca4aa8c8b,Win32 EXE,Symmi
08709f35581e0958d1ca4e50b7d86dba,Win32 EXE,Zbot
4c082c182b1b09a25bb30948fbd589ab,RTF,CVE-2012-0158
fe9ddd8d831ac97ec66b40e4193a82e0,RTF,CVE-2012-0158
a98bbcdb7a3118ced226b74829df7d23,RTF,CVE-2012-0158
076ec3aa6b0cb93e7d4cd607f3ced946,Win32 EXE,PoisonIvy
102494d665b137bf91e902076f339185,Win32 EXE,Redosdru
21567cce2c26e7543b977a205845ba77,Win32 EXE,PoisonIvy
9dfab49035ee6c6e9b8bb601c63bdac9,Win32 EXE,Kryptik
8d6b6e023b4221bae8ed37bb18407516,Win32 EXE,PoisonIvy
3d2e43d2428ae995583b56e6f9dd554b,RTF,CVE-2012-0158
b79afb86d5254fbb32108b46f66efa65,Rich Text Format,CVE-2012-0158
0323de551aa10ca6221368c4a73732e6,Win32 EXE,
55a3b2656ceac2ba6257b6e39f4a5b5a,Win32 EXE,poison
c578b8db3869d92482fc77eeedf41eb0,Win32 EXE,PoisonIvy
429a1c0a897914b108e087cc823677da,RTF,CVE-2012-0158
7e3c3eec58cbb6c4bcc4d59a549f7678,Win32 EXE,
1d4e74574bd8fde793d85cbe59f8a288,Win32 EXE,PoisonIvy
392f15c431c00f049bb1282847d8967f,Win32 EXE,Zbot
b2dc98caa647e64a2a8105c298218462,Win32 EXE,injector
6d989302166ba1709d66f90066c2fd59,Win32 EXE,barys
d9a958d55d457d745998ee70cf025cb9,Win32 EXE,PoisonIvy
d8c00fed6625e5f8d0b8188a5caac115,Win32 EXE,injector
a88a6cf56a250394ff79d60171c01eb4,PDF,pidief
9dad742de93db2a66df7c63d551fbf83,PDF,pidief
4ad286a97c82f91df3e07b101a224f56,Win32 EXE,PoisonIvy
68fec995a13762184a2616bda86757f8,Win32 EXE,barys
11ea8d8dd0ffde8285f3c0049861a442,Win32 EXE,Kryptik
82f926009c06dfa452714608da21cb77,Win32 EXE,PoisonIvy
e9622f4b9d2a82c296a773a2c6e63fcb,Win32 EXE,PoisonIvy
8ca16b82d57cf6898a55e9fcdb400769,Win32 EXE,PoisonIvy
d62c212d09670332a0bd13a544130919,XLS,cve-2009-3129
e84853c0484b02b7518dd683787d04fc,Win32 EXE,kryptik
37ab3315a02e1905a8b8415562f8452d,XLS,cve-2009-3129
d84851ad131424f04fbffc3bbac03bff,Win32 EXE,PoisonIvy
b1deff736b6d12b8d98b485e20d318ea,Win32 EXE,kryptik
9a014c33f9a9958ffbcf99d2a71d52fe,Win32 EXE,PoisonIvy
625a4f618d14991cd9bd595bdd590570,Win32 EXE,PoisonIvy
2901d47b89ca048bee6a0d47bbe04677,RTF,CVE-2010-3333
8010cae3e8431bb11ed6dc9acabb93b7,Win32 EXE,injector
8002debc47e04d534b45f7bb7dfcab4d,Win32 EXE,
4bc6cab128f623f34bb97194da21d7b6,Win32 EXE,kryptik
40ae680e0f9cf3ae344ad97c55723aa9,Win32 EXE,Darkmoon
56cff0d0e0ce486aa0b9e4bc0bf2a141,Win32 EXE,barys
76573de3c8e6ffa49559017ff782f1b1,Win32 EXE,Darkmoon
fb922430eca89767438043450c56afcf,Win32 EXE,
2ad4254d5987c3e9758913ef52072d16,Win32 DLL,
bd1ae82185d3eb0a8c8c615e710240ac,Win32 EXE,Zbot
6eda8f238421089f680bc14e499a2e6c,RTF,CVE-2010-3333
5b697f11a169dee45f3b1713610732a7,RTF,CVE-2010-3333
494e65cf21ad559fccf3dacdd69acc94,Win32 EXE,PoisonIvy
ea5580bc00700eab50b99203e64ec0c5,Win32 EXE,PoisonIvy
0687feccdea8296711a9e9665acd1069,Win32 EXE,Zbot
6ff16afc92ce09acd2e3890b780efd86,Win32 EXE,Zbot
93eda944f9c87c91945694b1c1d4bf05,Win32 EXE,Darkmoon
4a4ace8a5a975d5936618880484c3896,Win32 EXE,Zbot
e6ca06e9b000933567a8604300094a85,Win32 EXE,PoisonIvy
ac60189666d7c8f415a0e274db85e7d4,Win32 DLL,
abf8e40d7c99e9b3f515ec0872fe099e,Win32 EXE,loader
f5315fb4a654087d30c69c768d80f826,Win32 EXE,PoisonIvy
e62584c9cd15c3fa2b6ed0f3a34688ab,Win32 EXE,PoisonIvy
d508147fed6e41bfc31ad8151bc0bb13,Win32 EXE,PoisonIvy
a4754be7b34ed55faff832edadac61f6,Win32 EXE,PoisonIvy
0e4e3c2d84a9bc726a50b3c91346fbb1,XLS,
b08694e14a9b966d8033b42b58ab727d,Win32 EXE,PoisonIvy
a01c82b8f52835a108098e4a54e33022,Win32 EXE,injector
091f7eda0af3a69775fa5c0ba7ab26bd,Win32 EXE,PoisonIvy
486335b967d1edd8c55f784912d9451b,Win32 EXE,PoisonIvy
9ae3b326cf716fbccbecfd292846a3a9,Win32 EXE,
e6c4306756f2eaa0875da0f05a5b337f,Win32 EXE,PoisonIvy
33e2f80acdca19b71ccaa31e7cbb1875,Win32 EXE,PoisonIvy
808e21d6efa2884811fbd0adf67fda78,Win32 EXE,poison
6c68753503b79998ee29f52ce0f08e72,Win64 DLL,
4638220ec2c6bc1406b5725c2d35edc3,Win64 DLL,
cca46fc64425364774e5d5db782ddf54,Win64 DLL,
d37964a9f7f56aad9433676a6df9bd19,Win64 DLL,
